<meta>
	<info author="~>The_God~>" name="Nuclear Bomb" type="script" description="Enables players to spawn nuclear bombs" version="1.0.4"/>	
	<script src="server.lua" type="server" />	
	<config src="help.xml" type="client" />
	<settings>
		<setting name="noOfExplosions" value="100"/> <!-- The number of explosions or magnitude of the bomb. Ideally, should be greater than 100. If 0 or lesser, is taken as 1. (if less than 50, where's the FUN!!1?) !PERFORMANCE WARNING! -->
		<setting name="secondsBeforeCleanUp" value="5"/> <!-- Time after explosion nuke will be removed, event marked complete. if 0 or lesser, will be taken as 5. Ideally, higher the value of  noOfExplosions, higher this should be, although not necessarily in direct proportion-->
		<setting name="waitingMinutesBeforeAnotherNuke" value="10"/> <!-- The number of MINUTES a player has to wait before spawning another nuke, 0 or lesser to disable (regardless of multipleNukesAllowed)-->
		<setting name="costOfNuke" value="50000"/> <!-- The cost of the nuke -->
		<setting name="sizeOfBombModel" value="12"/> <!-- The VISUAL size of the bomb model. does NOT affect explosion in any way. If 0 or lesser, will be taken as 1-->
		<setting name="multipleNukesAllowed" value="true"/> <!-- If enabled many players can spawn nukes at the same time !PERFORMANCE WARNING!-->
		<setting name="maxDetonationTime" value="25"/> <!-- The maximum time before detonation after spawning. Depending on multipleNukesAllowed, this may be an important setting. Too high means players may have to wait long times due to possible abuse by someone. 0 to disable --> 
		<setting name="minDetonationTime" value="1"/> <!-- The minimum time before detonation after spawning. If 0 or lesser, will be taken as 1. Ideally, it should be 1 second. -->
		<setting name="markerEnabled" value="1"/> <!-- If Enabled creates marker on nuke location until explosion, 1 to enable. other values will be considered disabled. will be disabled if multipleNukesAllowed is true -->
		<setting name="clearRadius" value="15"/> <!-- clears all vehicles in the radius of the nuke. set to 0 to disable. MAX: 30 RECOMMENDED -->
		<setting name="onlyAircraft" value="false"/> <!-- if true, only players driving aircraft will be able to spawn nukes -->
	</settings>
</meta>