<meta>
	<info author="MarceloC" type="script" name="fiestaspatrias" />
	
	<script src="powers.lua" type="client" />

	<script src="client.lua" type="client" />
	<script src="server.lua" type="server" />

	<script src="shop_c.lua" type="client" />
	<script src="shop_s.lua" type="server" />


	<file src="img/bg.png" />
	<file src="img/blue.png" />
	<file src="img/orange.png" />


	<file src="img/r.png" />
	<file src="img/w.png" />
	<file src="img/b.png" />

	<file src="products/1.png" />
	<file src="products/2.png" />
	<file src="products/3.png" />
	<file src="products/4.png" />
	<file src="products/5.png" />
	<file src="products/6.png" />
	<file src="products/8.png" />
	<file src="products/9.png" />
	<file src="products/10.png" />
	<file src="products/11.png" />
	<file src="products/12.png" />
	<file src="products/13.png" />
	<file src="products/14.png" />
	<file src="products/15.png" />
	<file src="products/16.png" />
	<file src="products/17.png" />
	<file src="products/18.png" />
	<file src="products/19.png" />
	<file src="products/20.png" />
	<file src="products/21.png" />
	<file src="products/22.png" />
	<file src="products/23.png" />
	<file src="products/24.png" />
	<file src="products/25.png" />
	<file src="products/26.png" />
	<file src="products/27.png" />

</meta>