<meta>

	<info author="danibayez" type="script" name="Scoreboard" description="Scoreboard using DirectX functions" version="1.0.2" />
	
	<!-- LUA Scripts -->
		
		<script src="s_idsystem.lua"/>
		<script src="c_util.lua" type="client"/>
		<script src="c_scoreboard.lua" type="client"/>
	
	<!-- Files -->
	
		<file src="files/icons.png"/>
		<file src="files/font.ttf"/>
		
	<!-- Exported Functions -->
	
		<export function="getPlayerByID"/>
		
		<file src="egg.png"/>

	<!-- Skins -->
		
		<file src="files/skins/0.png"/>
		<file src="files/skins/7.png"/>
		<file src="files/skins/9.png"/>
		<file src="files/skins/10.png"/>
		<file src="files/skins/11.png"/>
		<file src="files/skins/12.png"/>
		<file src="files/skins/13.png"/>
		<file src="files/skins/14.png"/>
		<file src="files/skins/15.png"/>
		<file src="files/skins/16.png"/>
		<file src="files/skins/17.png"/>
		<file src="files/skins/18.png"/>
		<file src="files/skins/19.png"/>
		<file src="files/skins/20.png"/>
		<file src="files/skins/21.png"/>
		<file src="files/skins/22.png"/>
		<file src="files/skins/23.png"/>
		<file src="files/skins/24.png"/>
		<file src="files/skins/25.png"/>
		<file src="files/skins/26.png"/>
		<file src="files/skins/27.png"/>
		<file src="files/skins/28.png"/>
		<file src="files/skins/29.png"/>
		<file src="files/skins/30.png"/>
		<file src="files/skins/31.png"/>
		<file src="files/skins/32.png"/>
		<file src="files/skins/33.png"/>
		<file src="files/skins/34.png"/>
		<file src="files/skins/35.png"/>
		<file src="files/skins/36.png"/>
		<file src="files/skins/37.png"/>
		<file src="files/skins/38.png"/>
		<file src="files/skins/39.png"/>
		<file src="files/skins/40.png"/>
		<file src="files/skins/41.png"/>
		<file src="files/skins/43.png"/>
		<file src="files/skins/44.png"/>
		<file src="files/skins/45.png"/>
		<file src="files/skins/46.png"/>
		<file src="files/skins/47.png"/>
		<file src="files/skins/48.png"/>
		<file src="files/skins/49.png"/>
		<file src="files/skins/50.png"/>
		<file src="files/skins/51.png"/>
		<file src="files/skins/52.png"/>
		<file src="files/skins/53.png"/>
		<file src="files/skins/54.png"/>
		<file src="files/skins/55.png"/>
		<file src="files/skins/56.png"/>
		<file src="files/skins/57.png"/>
		<file src="files/skins/58.png"/>
		<file src="files/skins/59.png"/>
		<file src="files/skins/60.png"/>
		<file src="files/skins/61.png"/>
		<file src="files/skins/62.png"/>
		<file src="files/skins/63.png"/>
		<file src="files/skins/64.png"/>
		<file src="files/skins/66.png"/>
		<file src="files/skins/67.png"/>
		<file src="files/skins/68.png"/>
		<file src="files/skins/69.png"/>
		<file src="files/skins/70.png"/>
		<file src="files/skins/71.png"/>
		<file src="files/skins/72.png"/>
		<file src="files/skins/73.png"/>
		<file src="files/skins/75.png"/>
		<file src="files/skins/76.png"/>
		<file src="files/skins/77.png"/>
		<file src="files/skins/78.png"/>
		<file src="files/skins/79.png"/>
		<file src="files/skins/80.png"/>
		<file src="files/skins/81.png"/>
		<file src="files/skins/82.png"/>
		<file src="files/skins/83.png"/>
		<file src="files/skins/84.png"/>
		<file src="files/skins/85.png"/>
		<file src="files/skins/87.png"/>
		<file src="files/skins/88.png"/>
		<file src="files/skins/89.png"/>
		<file src="files/skins/90.png"/>
		<file src="files/skins/91.png"/>
		<file src="files/skins/92.png"/>
		<file src="files/skins/93.png"/>
		<file src="files/skins/94.png"/>
		<file src="files/skins/95.png"/>
		<file src="files/skins/96.png"/>
		<file src="files/skins/97.png"/>
		<file src="files/skins/98.png"/>
		<file src="files/skins/99.png"/>
		<file src="files/skins/100.png"/>
		<file src="files/skins/101.png"/>
		<file src="files/skins/102.png"/>
		<file src="files/skins/103.png"/>
		<file src="files/skins/104.png"/>
		<file src="files/skins/105.png"/>
		<file src="files/skins/106.png"/>
		<file src="files/skins/107.png"/>
		<file src="files/skins/108.png"/>
		<file src="files/skins/109.png"/>
		<file src="files/skins/110.png"/>
		<file src="files/skins/111.png"/>
		<file src="files/skins/112.png"/>
		<file src="files/skins/113.png"/>
		<file src="files/skins/114.png"/>
		<file src="files/skins/115.png"/>
		<file src="files/skins/116.png"/>
		<file src="files/skins/117.png"/>
		<file src="files/skins/118.png"/>
		<file src="files/skins/120.png"/>
		<file src="files/skins/121.png"/>
		<file src="files/skins/122.png"/>
		<file src="files/skins/123.png"/>
		<file src="files/skins/124.png"/>
		<file src="files/skins/125.png"/>
		<file src="files/skins/126.png"/>
		<file src="files/skins/127.png"/>
		<file src="files/skins/128.png"/>
		<file src="files/skins/129.png"/>
		<file src="files/skins/130.png"/>
		<file src="files/skins/131.png"/>
		<file src="files/skins/132.png"/>
		<file src="files/skins/133.png"/>
		<file src="files/skins/134.png"/>
		<file src="files/skins/135.png"/>
		<file src="files/skins/136.png"/>
		<file src="files/skins/137.png"/>
		<file src="files/skins/138.png"/>
		<file src="files/skins/139.png"/>
		<file src="files/skins/140.png"/>
		<file src="files/skins/141.png"/>
		<file src="files/skins/142.png"/>
		<file src="files/skins/143.png"/>
		<file src="files/skins/144.png"/>
		<file src="files/skins/145.png"/>
		<file src="files/skins/146.png"/>
		<file src="files/skins/147.png"/>
		<file src="files/skins/148.png"/>
		<file src="files/skins/150.png"/>
		<file src="files/skins/151.png"/>
		<file src="files/skins/152.png"/>
		<file src="files/skins/153.png"/>
		<file src="files/skins/154.png"/>
		<file src="files/skins/155.png"/>
		<file src="files/skins/156.png"/>
		<file src="files/skins/157.png"/>
		<file src="files/skins/158.png"/>
		<file src="files/skins/159.png"/>
		<file src="files/skins/160.png"/>
		<file src="files/skins/161.png"/>
		<file src="files/skins/162.png"/>
		<file src="files/skins/163.png"/>
		<file src="files/skins/164.png"/>
		<file src="files/skins/165.png"/>
		<file src="files/skins/166.png"/>
		<file src="files/skins/167.png"/>
		<file src="files/skins/168.png"/>
		<file src="files/skins/169.png"/>
		<file src="files/skins/170.png"/>
		<file src="files/skins/171.png"/>
		<file src="files/skins/172.png"/>
		<file src="files/skins/173.png"/>
		<file src="files/skins/174.png"/>
		<file src="files/skins/175.png"/>
		<file src="files/skins/176.png"/>
		<file src="files/skins/177.png"/>
		<file src="files/skins/178.png"/>
		<file src="files/skins/179.png"/>
		<file src="files/skins/180.png"/>
		<file src="files/skins/181.png"/>
		<file src="files/skins/182.png"/>
		<file src="files/skins/183.png"/>
		<file src="files/skins/184.png"/>
		<file src="files/skins/185.png"/>
		<file src="files/skins/186.png"/>
		<file src="files/skins/187.png"/>
		<file src="files/skins/188.png"/>
		<file src="files/skins/189.png"/>
		<file src="files/skins/190.png"/>
		<file src="files/skins/191.png"/>
		<file src="files/skins/192.png"/>
		<file src="files/skins/193.png"/>
		<file src="files/skins/194.png"/>
		<file src="files/skins/195.png"/>
		<file src="files/skins/196.png"/>
		<file src="files/skins/197.png"/>
		<file src="files/skins/198.png"/>
		<file src="files/skins/199.png"/>
		<file src="files/skins/200.png"/>
		<file src="files/skins/201.png"/>
		<file src="files/skins/202.png"/>
		<file src="files/skins/203.png"/>
		<file src="files/skins/204.png"/>
		<file src="files/skins/205.png"/>
		<file src="files/skins/206.png"/>
		<file src="files/skins/207.png"/>
		<file src="files/skins/209.png"/>
		<file src="files/skins/210.png"/>
		<file src="files/skins/211.png"/>
		<file src="files/skins/212.png"/>
		<file src="files/skins/213.png"/>
		<file src="files/skins/214.png"/>
		<file src="files/skins/215.png"/>
		<file src="files/skins/216.png"/>
		<file src="files/skins/217.png"/>
		<file src="files/skins/218.png"/>
		<file src="files/skins/219.png"/>
		<file src="files/skins/220.png"/>
		<file src="files/skins/221.png"/>
		<file src="files/skins/222.png"/>
		<file src="files/skins/223.png"/>
		<file src="files/skins/224.png"/>
		<file src="files/skins/225.png"/>
		<file src="files/skins/226.png"/>
		<file src="files/skins/227.png"/>
		<file src="files/skins/228.png"/>
		<file src="files/skins/229.png"/>
		<file src="files/skins/230.png"/>
		<file src="files/skins/231.png"/>
		<file src="files/skins/232.png"/>
		<file src="files/skins/233.png"/>
		<file src="files/skins/234.png"/>
		<file src="files/skins/235.png"/>
		<file src="files/skins/236.png"/>
		<file src="files/skins/237.png"/>
		<file src="files/skins/238.png"/>
		<file src="files/skins/239.png"/>
		<file src="files/skins/240.png"/>
		<file src="files/skins/241.png"/>
		<file src="files/skins/242.png"/>
		<file src="files/skins/243.png"/>
		<file src="files/skins/244.png"/>
		<file src="files/skins/245.png"/>
		<file src="files/skins/246.png"/>
		<file src="files/skins/247.png"/>
		<file src="files/skins/248.png"/>
		<file src="files/skins/249.png"/>
		<file src="files/skins/250.png"/>
		<file src="files/skins/251.png"/>
		<file src="files/skins/252.png"/>
		<file src="files/skins/253.png"/>
		<file src="files/skins/254.png"/>
		<file src="files/skins/255.png"/>
		<file src="files/skins/256.png"/>
		<file src="files/skins/257.png"/>
		<file src="files/skins/258.png"/>
		<file src="files/skins/259.png"/>
		<file src="files/skins/260.png"/>
		<file src="files/skins/261.png"/>
		<file src="files/skins/262.png"/>
		<file src="files/skins/263.png"/>
		<file src="files/skins/264.png"/>
		<file src="files/skins/274.png"/>
		<file src="files/skins/275.png"/>
		<file src="files/skins/276.png"/>
		<file src="files/skins/277.png"/>
		<file src="files/skins/278.png"/>
		<file src="files/skins/279.png"/>
		<file src="files/skins/280.png"/>
		<file src="files/skins/281.png"/>
		<file src="files/skins/282.png"/>
		<file src="files/skins/283.png"/>
		<file src="files/skins/284.png"/>
		<file src="files/skins/285.png"/>
		<file src="files/skins/286.png"/>
		<file src="files/skins/287.png"/>
		<file src="files/skins/288.png"/>
		
</meta>