<meta>
	<script src="chaticon.lua" type="client"/>
	<file src='img/fist.png' />
	<file src='img/siteM16.png' />
	<file src='img/radar_airYard.png' />
	<file src='img/radar_ammugun.png' />
	<file src='img/radar_barbers.png' />
	<file src='img/radar_BIGSMOKE.png' />
	<file src='img/radar_boatyard.png' />
	<file src='img/radar_bulldozer.png' />
	<file src='img/radar_burgerShot.png' />
	<file src='img/radar_cash.png' />
	<file src='img/radar_CATALINAPINK.png' />
	<file src='img/radar_centre.png' />
	<file src='img/radar_CESARVIAPANDO.png' />
	<file src='img/radar_chicken.png' />
	<file src='img/radar_CJ.png' />
	<file src='img/radar_CRASH1.png' />
	<file src='img/radar_dateDisco.png' />
	<file src='img/radar_dateDrink.png' />
	<file src='img/radar_dateFood.png' />
	<file src='img/radar_diner.png' />
	<file src='img/radar_emmetGun.png' />
	<file src='img/radar_enemyAttack.png' />
	<file src='img/radar_fire.png' />
	<file src='img/radar_Flag.png' />
	<file src='img/radar_gangB.png' />
	<file src='img/radar_gangG.png' />
	<file src='img/radar_gangN.png' />
	<file src='img/radar_gangP.png' />
	<file src='img/radar_gangY.png' />
	<file src='img/radar_girlfriend.png' />
	<file src='img/radar_gym.png' />
	<file src='img/radar_hostpital.png' />
	<file src='img/radar_impound.png' />
	<file src='img/radar_light.png' />
	<file src='img/radar_LocoSyndicate.png' />
	<file src='img/radar_MADDOG.png' />
	<file src='img/radar_mafiaCasino.png' />
	<file src='img/radar_MCSTRAP.png' />
	<file src='img/radar_modGarage.png' />
	<file src='img/radar_north.png' />
	<file src='img/radar_OGLOC.png' />
	<file src='img/radar_pizza.png' />
	<file src='img/radar_police.png' />
	<file src='img/radar_propertyG.png' />
	<file src='img/radar_propertyR.png' />
	<file src='img/radar_qmark.png' />
	<file src='img/radar_race.png' />
	<file src='img/radar_runway.png' />
	<file src='img/radar_RYDER.png' />
	<file src='img/radar_saveGame.png' />
	<file src='img/radar_school.png' />
	<file src='img/radar_spray.png' />
	<file src='img/radar_SWEET.png' />
	<file src='img/radar_tattoo.png' />
	<file src='img/radar_THETRUTH.png' />
	<file src='img/radar_TORENO.png' />
	<file src='img/radar_TorenoRanch.png' />
	<file src='img/radar_triads.png' />
	<file src='img/radar_triadsCasino.png' />
	<file src='img/radar_truck.png' />
	<file src='img/radar_tshirt.png' />
	<file src='img/radar_waypoint.png' />
	<file src='img/radar_WOOZIE.png' />
	<file src='img/radar_ZERO.png' />
	<file src='img/radardisc.png' />
	<file src='img/radarRingPlane.png' />
    <file src='img/font1.png' />	
    <file src='img/font2.png' />

	<file src='maps/radar00.png' />
	<file src='maps/radar01.png' />
	<file src='maps/radar02.png' />
	<file src='maps/radar03.png' />
	<file src='maps/radar04.png' />
	<file src='maps/radar05.png' />
	<file src='maps/radar06.png' />
	<file src='maps/radar07.png' />
	<file src='maps/radar08.png' />
	<file src='maps/radar09.png' />
	<file src='maps/radar10.png' />
	<file src='maps/radar11.png' />
	<file src='maps/radar12.png' />
	<file src='maps/radar13.png' />
	<file src='maps/radar14.png' />
	<file src='maps/radar15.png' />
	<file src='maps/radar16.png' />
	<file src='maps/radar17.png' />
	<file src='maps/radar18.png' />
	<file src='maps/radar19.png' />
	<file src='maps/radar20.png' />
	<file src='maps/radar21.png' />
	<file src='maps/radar22.png' />
	<file src='maps/radar23.png' />
	<file src='maps/radar24.png' />
	<file src='maps/radar25.png' />
	<file src='maps/radar26.png' />
	<file src='maps/radar27.png' />
	<file src='maps/radar28.png' />
	<file src='maps/radar29.png' />
	<file src='maps/radar30.png' />
	<file src='maps/radar31.png' />
	<file src='maps/radar32.png' />
	<file src='maps/radar33.png' />
	<file src='maps/radar34.png' />
	<file src='maps/radar35.png' />
	<file src='maps/radar36.png' />
	<file src='maps/radar37.png' />
	<file src='maps/radar38.png' />
	<file src='maps/radar39.png' />
	<file src='maps/radar40.png' />
	<file src='maps/radar41.png' />
	<file src='maps/radar42.png' />
	<file src='maps/radar43.png' />
	<file src='maps/radar44.png' />
	<file src='maps/radar45.png' />
	<file src='maps/radar46.png' />
	<file src='maps/radar47.png' />
	<file src='maps/radar48.png' />
	<file src='maps/radar49.png' />
	<file src='maps/radar50.png' />
	<file src='maps/radar51.png' />
	<file src='maps/radar52.png' />
	<file src='maps/radar53.png' />
	<file src='maps/radar54.png' />
	<file src='maps/radar55.png' />
	<file src='maps/radar56.png' />
	<file src='maps/radar57.png' />
	<file src='maps/radar58.png' />
	<file src='maps/radar59.png' />
	<file src='maps/radar60.png' />
	<file src='maps/radar61.png' />
	<file src='maps/radar62.png' />
	<file src='maps/radar63.png' />
	<file src='maps/radar64.png' />
	<file src='maps/radar65.png' />
	<file src='maps/radar66.png' />
	<file src='maps/radar67.png' />
	<file src='maps/radar68.png' />
	<file src='maps/radar69.png' />
	<file src='maps/radar70.png' />
	<file src='maps/radar71.png' />
	<file src='maps/radar72.png' />
	<file src='maps/radar73.png' />
	<file src='maps/radar74.png' />
	<file src='maps/radar75.png' />
	<file src='maps/radar76.png' />
	<file src='maps/radar77.png' />
	<file src='maps/radar78.png' />
	<file src='maps/radar79.png' />
	<file src='maps/radar80.png' />
	<file src='maps/radar81.png' />
	<file src='maps/radar82.png' />
	<file src='maps/radar83.png' />
	<file src='maps/radar84.png' />
	<file src='maps/radar85.png' />
	<file src='maps/radar86.png' />
	<file src='maps/radar87.png' />
	<file src='maps/radar88.png' />
	<file src='maps/radar89.png' />
	<file src='maps/radar90.png' />
	<file src='maps/radar91.png' />
	<file src='maps/radar92.png' />
	<file src='maps/radar93.png' />
	<file src='maps/radar94.png' />
	<file src='maps/radar95.png' />
	<file src='maps/radar96.png' />
	<file src='maps/radar97.png' />
	<file src='maps/radar98.png' />
	<file src='maps/radar99.png' />
	<file src='maps/radar100.png' />
	<file src='maps/radar101.png' />
	<file src='maps/radar102.png' />
	<file src='maps/radar103.png' />
	<file src='maps/radar104.png' />
	<file src='maps/radar105.png' />
	<file src='maps/radar106.png' />
	<file src='maps/radar107.png' />
	<file src='maps/radar108.png' />
	<file src='maps/radar109.png' />
	<file src='maps/radar110.png' />
	<file src='maps/radar111.png' />
	<file src='maps/radar112.png' />
	<file src='maps/radar113.png' />
	<file src='maps/radar114.png' />
	<file src='maps/radar115.png' />
	<file src='maps/radar116.png' />
	<file src='maps/radar117.png' />
	<file src='maps/radar118.png' />
	<file src='maps/radar119.png' />
	<file src='maps/radar120.png' />
	<file src='maps/radar121.png' />
	<file src='maps/radar122.png' />
	<file src='maps/radar123.png' />
	<file src='maps/radar124.png' />
	<file src='maps/radar125.png' />
	<file src='maps/radar126.png' />
	<file src='maps/radar127.png' />
	<file src='maps/radar128.png' />
	<file src='maps/radar129.png' />
	<file src='maps/radar130.png' />
	<file src='maps/radar131.png' />
	<file src='maps/radar132.png' />
	<file src='maps/radar133.png' />
	<file src='maps/radar134.png' />
	<file src='maps/radar135.png' />
	<file src='maps/radar136.png' />
	<file src='maps/radar137.png' />
	<file src='maps/radar138.png' />
	<file src='maps/radar139.png' />
	<file src='maps/radar140.png' />
	<file src='maps/radar141.png' />
	<file src='maps/radar142.png' />
	<file src='maps/radar143.png' />
	
	
	<file src="chaticon.fx"/>
</meta>