<meta>
	<info author="B@R!$" name="EmojiV2" version="1.0.0" type="script" />
	<script src="server.lua" type="server"/>
	<script src="client.lua" type="client" cache="false"/>
	<script src="wheel.lua" type="client" cache="false"/>
	

	<file src="2.png" />
	<file src="3.png" />
	<file src="4.png" />
	<file src="5.png" />
	<file src="6.png" />
	<file src="7.png" />
	<file src="8.png" />
	
	<file src="emojis/1/1.png" />
	<file src="emojis/1/2.png" />
	<file src="emojis/1/3.png" />
	<file src="emojis/1/4.png" />
	<file src="emojis/1/5.png" />
	<file src="emojis/1/6.png" />
	<file src="emojis/1/7.png" />
	<file src="emojis/1/8.png" />
	<file src="emojis/1/9.png" />
	<file src="emojis/1/10.png" />
	<file src="emojis/1/11.png" />
	<file src="emojis/1/12.png" />
	<file src="emojis/1/13.png" />
	<file src="emojis/1/14.png" />
	<file src="emojis/1/15.png" />
	<file src="emojis/1/16.png" />

	<file src="sounds/4/1.mp3" />
	<file src="sounds/4/2.mp3" />
	<file src="sounds/4/4.mp3" />
	<file src="sounds/4/5.mp3" />
	<file src="sounds/6/3.mp3" />
	<file src="sounds/6/4.mp3" />
	<file src="sounds/6/5.mp3" />
	<file src="sounds/7/5.mp3" />
	<file src="sounds/8/3.mp3" />


</meta>